Company Name,Street Address,City,State,Zip Code,Zip Plus,Contact First Name,Contact Last Name,Contact Title,Address,Phone,Business Description,Primary NAICS,NAICS2,NAICS3,NAICS4,NAICS5,Business Type,County,Employee,Annual Sales,URL,Year Established,Website,latitude,longitude,geo_method,url,url_status
Academic Associates,711 Westchester Dr # 202,High Point,NC,27262,2434,Susan,Meisky,President,"711 Westchester Dr High Point, NC 27262",(336) 886-4198,Tutoring,611691,NA,NA,NA,NA,Private,Guilford,2,NA,academicassociatestutoringcent.godaddysi,2000,https://ACADEMICASSOCIATESTUTORINGCENT.GODADDYSI,35.97615665,-80.03304011,census,https://academicassociatestutoringcent.godaddysites.com,Accessible
C.H.I.L.D. (Channeling Healthy Innovative Learning Development),5959 Fisher Rd,Fayetteville,NC,28304,5654,Daphne,Evans,Owner,"5959 Fisher Rd Fayetteville, NC 28304",(910) 822-4453,Tutoring,611691,NA,NA,NA,NA,Private,Cumberland,8,NA,childincorporated.com,2005,https://CHILDINCORPORATED.COM,35.00519832,-78.99736592,census,http://www.childincorporated.com,Accessible
Darden Enlightment Center,3816 South Main St,Farmville,NC,27828,8548,Darren,Darden,Owner,"3816 South Main St Farmville, NC 27828",(252) 753-2165,Tutoring,611691,624190,813319,813410,NA,Private,Pitt,1,NA,dardenenlightmentcenter.org,2008,https://DARDENENLIGHTMENTCENTER.ORG,35.59403806,-77.58855365,census,https://www.guidestar.org/profile/33-1188350,Accessible
Dynamik Learning,301 S Church St # 161,Rocky Mount,NC,27804,5748,NA,NA,NA,"301 S Church St Rocky Mount, NC 27804",(336) 601-5823,Tutoring,611691,NA,NA,NA,NA,Private,Nash,2,NA,dynamiklearning1.wixsite.com,2018,https://DYNAMIKLEARNING1.WIXSITE.COM,35.939796,35.939796,census,https://dynamiklearning1.wixsite.com/dynamik-learning,Accessible
Huntington Learning Center,4711 Hope Valley Rd # 5B,Durham,NC,27707,5651,NA,NA,NA,"4711 Hope Valley Rd  Durham, NC 27707",(919) 435-2435,Tutoring,611691,NA,NA,NA,NA,Private,Durham,4,NA,huntingtonhelps.com,2020,https://HUNTINGTONHELPS.COM,35.92223719,-78.95717246,census,https://huntingtonhelps.com,Accessible
Huntington Learning Center,144 West Holly Springs Rd # 4,Holly Springs,NC,27540,7043,NA,NA,NA,"144 West Holly Springs Rd Holly Springs, NC 27540",(919) 629-8448,Tutoring,611691,611110,611710,NA,NA,Private,Wake,4,NA,huntingtonhelps.com,2023,https://HUNTINGTONHELPS.COM,35.65496826,-78.83636784,census,https://huntingtonhelps.com,Accessible
Huntington Learning Center,8111 Creedmoor Rd # 117,Raleigh,NC,27613,4386,Shawn,Livingston,Exec Director,"8111 Creedmoor Rd  Raleigh, NC 27613",(919) 676-5477,Tutoring,611691,NA,NA,NA,NA,Private,Wake,25,NA,huntingtonhelps.com,1988,https://HUNTINGTONHELPS.COM,35.89607774,-78.68066462,census,https://huntingtonhelps.com,Accessible
Huntington Learning Center,1616 Battleground Ave # A,Greensboro,NC,27408,8035,Hannah,Bennett,Manager,"1616 Battleground Ave Greensboro, NC 27408",(336) 288-7979,Tutoring,611691,611710,611710,611710,NA,Private,Guilford,20,NA,huntingtonhelps.com,2005,https://HUNTINGTONHELPS.COM,36.08975567,-79.81008721,census,https://huntingtonhelps.com,Accessible
Huntington Learning Center,619 Red Banks Rd,Greenville,NC,27858,5814,Tonia,Sims,Director,"619 Red Banks Rd Greenville, NC 27858",(252) 321-9898,Tutoring,611691,NA,NA,NA,NA,Private,Pitt,25,NA,huntingtonhelps.com,2010,https://HUNTINGTONHELPS.COM,35.58144407,-77.37021358,census,https://huntingtonhelps.com,Accessible
Huntington Learning Center,3309 Rogers Rd,Wake Forest,NC,27587,3943,Mike,Gallagher,Owner,"3309 Rogers Rd Wake Forest, NC 27587",(919) 832-5020,Tutoring,611691,611710,NA,NA,NA,Private,Wake,13,NA,huntingtonhelps.com,2012,https://HUNTINGTONHELPS.COM,35.95019153,-78.51505919,census,https://huntingtonhelps.com,Accessible
Huntington Learning Center,9601 Holly Point Dr # 101,Huntersville,NC,28078,4914,Julie,Ramage,Exec Director,"9601 Holly Point Dr Huntersville, NC 28078",(704) 896-9699,Tutoring,611691,611710,611710,NA,NA,Private,Mecklenburg,15,NA,huntingtonhelps.com,2001,https://HUNTINGTONHELPS.COM,35.44153206,-80.86351838,census,https://huntingtonhelps.com,Accessible
Huntington Learning Center,2545 Ravenhill Dr # 103,Fayetteville,NC,28303,5460,Roy,Robinson,Owner,"2545 Ravenhill Dr Fayetteville, NC 28303",(910) 323-1855,Tutoring,611691,611710,NA,NA,NA,Private,Cumberland,10,NA,huntingtonhelps.com,2007,https://HUNTINGTONHELPS.COM,35.04753485,-78.92590765,census,https://huntingtonhelps.com,Accessible
Huntington Learning Center,5945 Weddington Rd # 104,Weddington,NC,28104,6285,Rob,Schellenberg,Owner,"5945 Weddington Rd  Weddington, NC 28104",(704) 243-5784,Tutoring,611691,621999,611710,NA,NA,Private,Union,31,NA,huntingtonhelps.com,2016,https://HUNTINGTONHELPS.COM,35.00118682,-80.69941189,census,https://huntingtonhelps.com,Accessible
Huntington Learning Center,311 Williamson Rd # 201,Mooresville,NC,28117,5970,NA,NA,NA,"311 Williamson Rd  Mooresville, NC 28117",(980) 444-0485,Tutoring,611691,NA,NA,NA,NA,Private,Iredell,3,NA,huntingtonhelps.com,2019,https://HUNTINGTONHELPS.COM,35.58448277,-80.87373611,census,https://huntingtonhelps.com,Accessible
Huntington Learning Center,8111 Creedmoor Rd # 117,Raleigh,NC,27613,4386,Shawn,Livingston,Exec Director,"8111 Creedmoor Rd  Raleigh, NC 27613",(919) 676-5477,Tutoring,611691,NA,NA,NA,NA,Private,Wake,25,NA,huntingtonhelps.com,1988,https://HUNTINGTONHELPS.COM,35.89607774,-78.68066462,census,https://huntingtonhelps.com,Accessible
Huntington Learning Center,5919 Oleander Dr # 105,Wilmington,NC,28403,4757,Lynette,Askew,Owner,"5919 Oleander Dr  Wilmington, NC 28403",(910) 313-2639,Tutoring,611691,611710,611710,NA,NA,Private,New Hanover,20,NA,huntingtonhelps.com,2007,https://HUNTINGTONHELPS.COM,34.20957572,-77.84217971,census,https://huntingtonhelps.com,Accessible
Huntington Learning Center,1135 Kildaire Farm Rd # 110,Cary,NC,27511,4587,Mike,Gallagher,Owner,"1135 Kildaire Farm Rd  Cary, NC 27511",(919) 462-3533,Tutoring,611691,NA,NA,NA,NA,Private,Wake,20,NA,huntingtonhelps.com,1996,https://HUNTINGTONHELPS.COM,35.76748686,-78.78234834,census,https://huntingtonhelps.com,Accessible
Kaplan,308 W Rosemary St # 103,Chapel Hill,NC,27516,2549,NA,NA,NA,"308 W Rosemary St  Chapel Hill, NC 27516",(800) 000-1111,Tutoring,611691,NA,NA,NA,NA,Private,Orange,4,NA,kaptest.com,1937,https://KAPTEST.COM,35.91299062,-79.05930179,census,https://www.kaptest.com,Accessible
Kinetic Minds,2822 Cashwell Dr Pmb 101,Goldsboro,NC,27534,4302,Iyanla,Cherry,Other,"2822 Cashwell Dr Pmb 101 Goldsboro, NC 27534",(919) 947-0471,Tutoring,611691,813319,999990,NA,NA,Private,Wayne,3,NA,kineticmindsnc.org,2013,https://KINETICMINDSNC.ORG,35.37654199,-77.94783049,census,http://www.kineticmindsnc.org/contact-us.html,Accessible
Kumon Math-Reading Center,9010 Glenwater Dr # 106,Charlotte,NC,28262,8593,Renu,Pal,Owner,"9010 Glenwater Dr  Charlotte, NC 28262",(704) 972-8800,Tutoring,611691,611691,611710,624190,624410,Private,Mecklenburg,6,NA,kumon.com,2015,https://KUMON.COM,35.31684613,-80.75032892,census,https://kumon.com,Accessible
Kumon Math-Reading Center,1600 E Woodlawn Rd # 261,Charlotte,NC,28209,2286,NA,NA,NA,"1600 E Woodlawn Rd  Charlotte, NC 28209",(704) 327-8839,Tutoring,611691,611691,611710,624190,624410,Private,Mecklenburg,3,NA,kumon.com,2015,https://KUMON.COM,35.17215302,-80.84949011,census,https://kumon.com,Accessible
Kumon Math-Reading Center,10110 Johnston Rd # 8,Charlotte,NC,28210,9201,Peyton,Ding,Manager,"10110 Johnston Rd Charlotte, NC 28210",(704) 877-2005,Tutoring,611691,611691,611710,624190,624410,Private,Mecklenburg,10,NA,kumon.com,2007,https://KUMON.COM,35.09377162,-80.85814635,census,https://kumon.com,Accessible
Kumon Math-Reading Center,2002 New Garden Rd # 206,Greensboro,NC,27410,2562,Toiya,Hancock,Owner,"2002 New Garden Rd  Greensboro, NC 27410",(336) 543-3232,Tutoring,611691,611691,611710,624190,624410,Private,Guilford,6,NA,kumon.com,2008,https://KUMON.COM,36.1275547,-79.85941366,census,https://kumon.com,Accessible
Kumon Math-Reading Center,11116 S Tryon St # C,Charlotte,NC,28273,4571,NA,NA,NA,"11116 S Tryon St  Charlotte, NC 28273",(704) 588-8988,Tutoring,611691,611691,611710,624190,624410,Private,Mecklenburg,12,NA,kumon.com,2006,https://KUMON.COM,35.11610076,-80.96045125,census,https://kumon.com,Accessible
Kumon Math-Reading Center,4200 Main St # 105,Harrisburg,NC,28075,7485,Mason,Miller,Owner,"4200 Main St  Harrisburg, NC 28075",(704) 312-5889,Tutoring,611691,611691,611710,624190,624410,Private,Cabarrus,3,NA,kumon.com,2016,https://KUMON.COM,35.32579004,-80.64561454,census,https://kumon.com,Accessible
Kumon Math-Reading Center,7114 Brighton Park Dr # 320,Mint Hill,NC,28227,7816,Ayana,Dixon,Owner,"7114 Brighton Park Dr  Mint Hill, NC 28227",(980) 505-8880,Tutoring,611691,611691,611710,624190,624410,Private,Mecklenburg,3,NA,kumon.com,2016,https://KUMON.COM,35.17153024,-80.66252658,census,https://kumon.com,Accessible
Kumon Math-Reading Center,890 S Kerr Ave # 1,Wilmington,NC,28403,8453,Li-Shing,Wang,Owner,"890 S Kerr Ave  Wilmington, NC 28403",(910) 796-0307,Tutoring,611691,611691,611710,624190,624410,Private,New Hanover,6,NA,kumon.com,2008,https://KUMON.COM,34.2196334,-77.88667339,census,https://kumon.com,Accessible
Kumon Math-Reading Center,16933 Kaufinger St # 140,Huntersville,NC,28078,8805,Krithika,Venkatesan,Owner,"16933 Kaufinger St  Huntersville, NC 28078",(704) 281-6562,Tutoring,611691,611691,611710,624190,624410,Private,Mecklenburg,7,NA,kumon.com,2013,https://KUMON.COM,35.44297679,-80.85726467,census,https://kumon.com,Accessible
Kumon Math-Reading Center,13010 Eastfield Rd # C-500,Huntersville,NC,28078,6644,Maame,Stephens,Owner,"13010 Eastfield Rd  Huntersville, NC 28078",(704) 992-9856,Tutoring,611691,611691,611710,624190,624410,Private,Mecklenburg,7,NA,kumon.com,2013,https://KUMON.COM,35.38453708,-80.78650465,census,https://kumon.com,Accessible
Kumon Math-Reading Center,8810 Blakeney Professional Dr,Charlotte,NC,28277,6595,Alka,Garg,Owner,"8810 Blakeney Professional Dr Charlotte, NC 28277",(704) 752-7757,Tutoring,611691,611691,611710,624190,624410,Private,Mecklenburg,8,NA,kumon.com,2005,https://KUMON.COM,35.03130962,-80.80727409,census,https://kumon.com,Accessible
Kumon Math-Reading Center,1228 Guilford College Rd # 102,Jamestown,NC,27282,9831,Jayanthi,Somasundaram,Owner,"1228 Guilford College Rd Jamestown, NC 27282",(336) 624-5085,Tutoring,611691,611691,611710,624190,624410,Private,Guilford,3,NA,kumon.com,2006,https://KUMON.COM,36.04196014,-79.91910142,census,https://kumon.com,Accessible
Kumon Math-Reading Center,101 Morrisville Square Way # 1,Morrisville,NC,27560,5703,Li,Wang,Owner,"101 Morrisville Square Way Morrisville, NC 27560",(919) 467-9788,Tutoring,611691,611691,611710,624190,624410,Private,Wake,2,NA,kumon.com,2003,https://KUMON.COM,35.82046,-78.82963365,census,https://kumon.com,Accessible
Kumon Math-Reading Center,3016 Weddington Rd # 400,Matthews,NC,28105,7653,Sanjay,Patel,Director,"3016 Weddington Rd  Matthews, NC 28105",(704) 846-8798,Tutoring,611691,611691,611710,624190,624410,Private,Mecklenburg,6,NA,kumon.com,2005,https://KUMON.COM,35.0843612,-80.73144142,census,https://kumon.com,Accessible
Kumon Math-Reading Center,5664 International Dr # E,Charlotte,NC,28270,6911,Mai,Nguyen,Owner,"5664 International Dr Charlotte, NC 28270",(704) 503-8989,Tutoring,611691,611691,611710,624190,624410,Private,Mecklenburg,3,NA,kumon.com,1997,https://KUMON.COM,35.13533844,-80.77997249,osm,https://kumon.com,Accessible
Kumon Math-Reading Center,11301 Golf Links Dr N # 105,Charlotte,NC,28277,8014,Anurag,Singhal,Owner,"11301 Golf Links Dr N Charlotte, NC 28277",(704) 317-8100,Tutoring,611691,611691,611710,624190,624410,Private,Mecklenburg,3,NA,kumon.com,2020,https://KUMON.COM,35.0566977,-80.77078384,census,https://kumon.com,Accessible
Kumon Math-Reading Center,2997 Hope Mills Rd # B,Hope Mills,NC,28348,NA,Allison,Suh,Owner,"2997 Hope Mills Rd  Hope Mills, NC 28348",(910) 912-6284,Tutoring,611691,NA,NA,NA,NA,Private,Cumberland,4,NA,kumon.com,2021,https://KUMON.COM,34.98596182,-78.96487683,census,https://kumon.com,Accessible
Kumon Math-Reading Center,101 Two Hills Dr # 160,Carrboro,NC,27510,2681,Siddisee,Hirpa,Owner,"101 Two Hills Dr  Carrboro, NC 27510",(919) 913-0909,Tutoring,611691,611691,611710,624190,624410,Private,Orange,4,NA,kumon.com,2020,https://KUMON.COM,35.91512411,-79.06965222,census,https://kumon.com,Accessible
Kumon Math-Reading Center-Apex,1234 W Williams St # 1,Apex,NC,27502,3953,Anuradha,Kemburu,Owner,"1234 W Williams St Apex, NC 27502",(919) 363-4131,Tutoring,611691,611691,611710,624190,624410,Private,Wake,1,NA,kumon.com,2002,https://KUMON.COM,35.74605455,-78.87308266,census,https://kumon.com,Accessible
Kumon Math-Reading Center-Belmont,6436 W Wilkinson Blvd,Belmont,NC,28012,2858,Alex,Kellogg,Owner,"6436 W Wilkinson Blvd Belmont, NC 28012",(704) 413-1999,Tutoring,611691,611691,611710,624190,624410,Private,Gaston,4,NA,kumon.com,2017,https://KUMON.COM,35.25197181,-81.04632703,census,https://kumon.com,Accessible
Kumon Math-Reading Center-Cary,270 Cornerstone Dr # 103,Cary,NC,27519,8400,Piya,Ray,Owner,"270 Cornerstone Dr Cary, NC 27519",(919) 377-9600,Tutoring,611691,611691,611710,624190,624410,Private,Wake,4,NA,kumon.com,2009,https://KUMON.COM,35.78808927,-78.84786152,census,https://kumon.com,Accessible
Kumon Math-Reading Center-Cary,2970 Kildaire Farm Rd,Cary,NC,27518,8965,Yoonmi,Suh,Owner,"2970 Kildaire Farm Rd Cary, NC 27518",(919) 674-0900,Tutoring,611691,611691,611710,624190,624410,Private,Wake,4,NA,kumon.com,2016,https://KUMON.COM,35.71737932,-78.78776632,census,https://kumon.com,Accessible
Kumon Math-Reading Center-Cary,1207 Kildaire Farm Rd # E,Cary,NC,27511,7704,Sima,Timbalia,Owner,"1207 Kildaire Farm Rd Cary, NC 27511",(919) 674-0200,Tutoring,611691,611691,611710,624190,624410,Private,Wake,6,NA,kumon.com,2015,https://KUMON.COM,35.76438337,-78.78342796,census,https://kumon.com,Accessible
Kumon Math-Reading Center-Chapel,250 S Elliott Rd # 130,Chapel Hill,NC,27514,6059,Jiming,Wang,Owner,"250 S Elliott Rd  Chapel Hill, NC 27514",(919) 852-2633,Tutoring,611691,611691,611710,624190,624410,Private,Orange,3,NA,kumon.com,2013,https://KUMON.COM,35.93611114,-79.0329277,census,https://kumon.com,Accessible
Kumon Math-Reading Center-Concord,3775 Concord Pkwy S # 124,Concord,NC,28027,9031,Lakshmi,Kumar,Owner,"3775 Concord Pkwy S  Concord, NC 28027",(704) 784-5866,Tutoring,611691,611691,611710,624190,624410,Private,Cabarrus,1,NA,kumon.com,1958,https://KUMON.COM,35.36890197,-80.66613659,census,https://kumon.com,Accessible
Kumon Math-Reading Center-Durham,4235 University Dr # 103,Durham,NC,27707,2547,Anishkumar,Patel,Owner,"4235 University Dr  Durham, NC 27707",(919) 402-0507,Tutoring,611691,611691,611710,624190,624410,Private,Durham,2,NA,kumon.com,2005,https://KUMON.COM,35.96267045,-78.96035126,census,https://kumon.com,Accessible
Kumon Math-Reading Center-Durham,4900 Nc Highway 55 # 180,Durham,NC,27713,7808,Linjen,Huang,Owner,"4900 Nc Highway 55 Durham, NC 27713",(919) 293-0542,Tutoring,611691,611691,611710,624190,624410,Private,Durham,2,NA,kumon.com,2005,https://KUMON.COM,35.89891694,-78.89666078,census,https://kumon.com,Accessible
Kumon Math-Reading Center-Fyttvll,140 Westwood Shopping Center,Fayetteville,NC,28314,1521,NA,NA,NA,"140 Westwood Shopping Center Fayetteville, NC 28314",(910) 302-5516,Tutoring,611691,611691,611710,624190,624410,Private,Cumberland,6,NA,kumon.com,2016,https://KUMON.COM,35.06751486,-78.95285628,census,https://kumon.com,Accessible
Kumon Math-Reading Center-Holly,1001 Hayes Ln # 101,Holly Springs,NC,27540,7697,Shiying,Li,Owner,"1001 Hayes Ln  Holly Springs, NC 27540",(919) 762-3400,Tutoring,611691,611691,611710,624190,624410,Private,Wake,7,NA,kumon.com,2016,https://KUMON.COM,35.63808278,-78.82991674,census,https://kumon.com,Accessible
Kumon Math-Reading Center-Lwsvll,1309 Lewisville Clemmons Rd,Lewisville,NC,27023,9635,Jayanthi,Somasundaram,Owner,"1309 Lewisville Clemmons Rd Lewisville, NC 27023",(336) 766-2333,Tutoring,611691,611691,611710,624190,624410,Private,Forsyth,5,NA,kumon.com,2009,https://KUMON.COM,36.07884383,-80.39003351,census,https://kumon.com,Accessible
Kumon Math-Reading Center-Mrsvll,132 N Cardigan Way # C,Mooresville,NC,28117,8551,NA,NA,NA,"132 N Cardigan Way  Mooresville, NC 28117",(704) 660-5866,Tutoring,611691,611691,611710,624190,624410,Private,Iredell,14,NA,kumon.com,1958,https://KUMON.COM,35.55460264,-80.86227629,census,https://kumon.com,Accessible
Kumon Math-Reading Center-Raleigh,6401 Tri Plantation Dr # D109,Raleigh,NC,27616,5182,Jenny,Zhao,Owner,"6401 Tri Plantation Dr  Raleigh, NC 27616",(919) 616-4899,Tutoring,611691,611691,611710,624190,624410,Private,Wake,1,NA,kumon.com,2001,https://KUMON.COM,35.8741838,-78.5828907,osm,https://kumon.com,Accessible
Kumon Math-Reading Center-Raleigh,9101 Leesville Rd # 109,Raleigh,NC,27613,7546,Lan,Ye,Owner,"9101 Leesville Rd  Raleigh, NC 27613",(919) 848-6889,Tutoring,611691,611691,611710,624190,624410,Private,Wake,5,NA,kumon.com,2009,https://KUMON.COM,35.89661754,-78.72316856,census,https://kumon.com,Accessible
Kumon Math-Reading Center-Wake,3634 Rogers Rd,Wake Forest,NC,27587,9306,NA,NA,NA,"3634 Rogers Rd Wake Forest, NC 27587",(919) 761-7783,Tutoring,611691,611691,611710,624190,624410,Private,Wake,4,NA,kumon.com,2017,https://KUMON.COM,35.94440973,-78.50194692,census,https://kumon.com,Accessible
Kumon Math-Reading Center-Wesley,5922 Weddington Rd # A7,Wesley Chapel,NC,28104,8203,Ami,Gandhi,Owner,"5922 Weddington Rd  Wesley Chapel, NC 28104",(704) 843-5555,Tutoring,611691,611691,611710,624190,624410,Private,Union,3,NA,kumon.com,2009,https://KUMON.COM,35.00097097,-80.7016486,census,https://kumon.com,Accessible
Lindamood Bell Learning PRCSS,6135 Park South Dr,Charlotte,NC,28210,3272,Leanne,Foss,Director,"6135 Park South Dr Charlotte, NC 28210",(704) 362-4556,Tutoring,611691,NA,NA,NA,NA,Private,Mecklenburg,10,NA,lindamoodbell.com,2006,https://LINDAMOODBELL.COM,35.14783559,-80.84344006,census,https://lindamoodbell.com,Accessible
Aops Academy,6406 Mccrimmon Pkwy # 100,Morrisville,NC,27560,8144,NA,NA,NA,"6406 Mccrimmon Pkwy  Morrisville, NC 27560",(919) 234-1503,Tutoring,611691,611691,NA,NA,NA,Private,Wake,6,NA,morrisville.aopsacademy.org,2014,https://MORRISVILLE.AOPSACADEMY.ORG,35.83364651,-78.85929829,census,https://aopsacademy.org/?campus=morrisville,Accessible
Kumon Math-Reading Center,5664 International Dr # E,Charlotte,NC,28270,6911,Mai,Nguyen,Owner,"5664 International Charlotte, NC 28270",(704) 503-8989,Tutoring,611691,611691,611710,624190,624410,Private,Mecklenburg,3,NA,kumon.com,1997,https://KUMON.COM,35.135037,-80.778691,osm,https://kumon.com,Accessible
Kumon Math-Reading Center-Raleigh,6401 Tri Plantation Dr # D109,Raleigh,NC,27616,5182,Jenny,Zhao,Owner,"6401 Tri Plantation Dr Raleigh, NC 27616",(919) 616-4899,Tutoring,611691,611691,611710,624190,624410,Private,Wake,1,NA,kumon.com,2001,https://KUMON.COM,35.874102,-78.582871,osm,https://kumon.com,Accessible
Above-Beyond Academic Students,4836 Park Rd,Charlotte,NC,28209,3273,Don,Wiliams,Exec Director,"4836 Park Rd Charlotte, NC 28209",(704) 665-4242,Tutoring,611691,611710,813319,813410,999990,Private,Mecklenburg,10,NA,aboveandbeyondstudents.com,2001,https://ABOVEANDBEYONDSTUDENTS.COM,35.16471579,-80.85027187,census,https://www.aboveandbeyondstudents.com,Accessible
Academic Advantage,1515 W Cornwallis Dr # 103,Greensboro,NC,27408,6334,Kay,Alexander,Owner,"1515 W Cornwallis Dr Greensboro, NC 27408",(336) 272-1023,Tutoring,611691,NA,NA,NA,NA,Private,Guilford,1,NA,academicadvantage.com,1996,https://ACADEMICADVANTAGE.COM,36.09779141,-79.81457197,census,https://www.academicadvantage.com,Accessible
Academics Plus,706 N Berkeley Blvd,Goldsboro,NC,27534,3410,Kenneth E,Benton,President,"706 N Berkeley Blvd Goldsboro, NC 27534",(919) 735-7587,Tutoring,611691,611710,NA,NA,NA,Private,Wayne,5,NA,academicsplusinc.com,2010,https://ACADEMICSPLUSINC.COM,35.37623435,-77.94105117,census,https://www.academicsplusinc.com,Accessible
Advantage Testing of Charlotte,5960 Fairview Rd # 313,Charlotte,NC,28210,3102,NA,NA,NA,"5960 Fairview Rd Charlotte, NC 28210",(980) 785-1597,Tutoring,611691,813211,611710,NA,NA,Private,Mecklenburg,6,NA,advantagetesting.com,2018,https://ADVANTAGETESTING.COM,35.15124087,-80.84062246,census,https://www.advantagetesting.com,Accessible
Apt To Learn,650 E Fire Tower Rd # B,Winterville,NC,28590,9218,Michelle,Brown,Owner,"650 E Fire Tower Rd  Winterville, NC 28590",(252) 756-7000,Tutoring,611691,NA,NA,NA,NA,Private,Pitt,1,NA,apttolearn.us,2018,https://APTTOLEARN.US,35.54826729,-77.39859068,census,https://www.apttolearn.us,Accessible
Asheville Math,856 Sweeten Creek Rd,Asheville,NC,28803,1547,Christopher,Payne,Other,"856 Sweeten Creek Rd Asheville, NC 28803",(828) 367-3269,Tutoring,611691,NA,NA,NA,NA,Private,Buncombe,2,NA,ashevillemath.com,2012,https://ASHEVILLEMATH.COM,35.55376291,-82.51989066,osm,https://www.ashevillemath.com,Accessible
Best Prep LKN,9624 Bailey Rd # 245,Cornelius,NC,28031,6114,NA,NA,NA,"9624 Bailey Rd  Cornelius, NC 28031",(704) 228-4625,Tutoring,611691,NA,NA,NA,NA,Private,Mecklenburg,2,NA,bestpreplkn.com,2017,https://BESTPREPLKN.COM,35.45844618,-80.86730841,census,https://www.bestpreplkn.com,Accessible
Biltmore Tutoring,10 Crispin Ct # 201D,Asheville,NC,28803,8205,Stacey,Caskey,Director,"10 Crispin Ct Asheville, NC 28803",(828) 505-2495,Tutoring,611691,NA,NA,NA,NA,Private,Buncombe,3,NA,biltmoretutoring.com,2010,https://BILTMORETUTORING.COM,35.5029305,-82.52218365,osm,https://www.biltmoretutoring.com,Accessible
Braintrust In-Home Tutoring,9650 Strickland Rd # 103,Raleigh,NC,27615,1903,NA,NA,NA,"9650 Strickland Rd  Raleigh, NC 27615",(919) 844-2022,Tutoring,611691,NA,NA,NA,NA,Private,Wake,5,NA,braintrustutoring.com,2007,https://BRAINTRUSTUTORING.COM,35.90180067,-78.65666937,census,https://www.braintrustutoring.com,Accessible
C2 Education,8036 Providence Rd # 1100,Charlotte,NC,28277,257,Katrina,Cho,Director,"8036 Providence Rd  Charlotte, NC 28277",(704) 544-2511,Tutoring,611691,611110,611710,611710,541614,Private,Mecklenburg,27,NA,c2educate.com,2008,https://C2EDUCATE.COM,35.09793987,-80.77821235,census,https://www.c2educate.com,Accessible
Camelot Academy,809 Proctor St,Durham,NC,27707,1325,Thelma,Decarloglynn,Administrator,"809 Proctor St Durham, NC 27707",(919) 688-3040,Tutoring,611691,NA,NA,NA,NA,Private,Durham,15,NA,camelotacademy.org,1982,https://CAMELOTACADEMY.ORG,35.99034631,-78.912069,census,https://www.camelotacademy.org,Accessible
Cap Ed,121 Reynolda Vlg # A,Winston Salem,NC,27106,5126,Robert,Capizzi,Owner,"121 Reynolda Vlg  A Winston Salem, NC 27106",(336) 721-4275,Tutoring,611691,NA,NA,NA,NA,Private,Forsyth,3,NA,cap-ed.com,2005,https://CAP-ED.COM,36.12657137,-80.28520533,census,https://www.cap-ed.com,Accessible
Home Work Hotline,130 S Post Rd,Shelby,NC,28152,6211,NA,NA,NA,"130 S Post Rd Shelby, NC 28152",(704) 476-8315,Tutoring,611691,NA,NA,NA,NA,Private,Cleveland,2,NA,clevelandcountyschools.org,2004,https://CLEVELANDCOUNTYSCHOOLS.ORG,35.2826857,-81.4922229,census,https://www.clevelandcountyschools.org,Accessible
Clinical Teaching,1829 E Franklin St # 100B,Chapel Hill,NC,27514,5801,NA,NA,NA,"1829 E Franklin St  Chapel Hill, NC 27514",(919) 967-5776,Tutoring,611691,541714,NA,NA,NA,Private,Orange,5,NA,clinicalteachingtutors.com,1999,https://CLINICALTEACHINGTUTORS.COM,35.93756796,-79.02525703,census,https://www.clinicalteachingtutors.com,Accessible
Club Z In Home Tutoring,585 Sandringham Pl,Concord,NC,28025,3116,Ann,Francesco,Manager,"585 Sandringham Pl Concord, NC 28025",(704) 707-4029,Tutoring,611691,NA,NA,NA,NA,Private,Cabarrus,1,NA,clubztutoring.com,2007,https://CLUBZTUTORING.COM,35.43036887,-80.59071627,census,https://www.clubztutoring.com,Accessible
Club Z! In-Home Tutoring,11212 Mallard Creek Rd,Charlotte,NC,28262,4415,Jim,Shaver,President,"11212 Mallard Creek Rd Charlotte, NC 28262",(704) 594-9934,Tutoring,611691,611710,NA,NA,NA,Private,Mecklenburg,1,NA,clubztutoring.com,1998,https://CLUBZTUTORING.COM,35.34823093,-80.75915217,census,https://www.clubztutoring.com,Accessible
Convenient Tutor,900 Hendersonville Rd # 310,Asheville,NC,28803,1762,James,Foust,Owner,"900 Hendersonville Rd  Asheville, NC 28803",(828) 505-4166,Tutoring,611691,NA,NA,NA,NA,Private,Buncombe,3,NA,convenienttutor.net,2010,https://CONVENIENTTUTOR.NET,35.54080309,-82.53202267,census,https://www.convenienttutor.net,Accessible
Crafting Scholars,5800 Monroe Rd,Charlotte,NC,28212,6161,Lillian,Gordy,Director,"5800 Monroe Rd Charlotte, NC 28212",(704) 536-2554,Tutoring,611691,NA,NA,NA,NA,Private,Mecklenburg,3,NA,crafting-scholars.com,2013,https://CRAFTING-SCHOLARS.COM,35.18683055,-80.76652352,census,https://www.crafting-scholars.com,Accessible
Daniel Center-Math & Science,735 Rock Quarry Rd,Raleigh,NC,27610,3819,Kirby,Jones,Exec Director,"735 Rock Quarry Rd Raleigh, NC 27610",(919) 828-6443,Tutoring,611691,624410,624410,813319,813410,Private,Wake,8,NA,danielcenter.org,2011,https://DANIELCENTER.ORG,35.77012295,-78.61933411,census,https://www.danielcenter.org,Accessible
Davidson Center,452 S Main St # 110,Davidson,NC,28036,5000,Maryjane,Freeman,Owner,"452 S Main St  Davidson, NC 28036",(704) 892-4533,Tutoring,611691,611710,NA,NA,NA,Private,Mecklenburg,20,NA,davidsoncenter.com,1999,https://DAVIDSONCENTER.COM,35.49514602,-80.85329152,census,https://www.davidsoncenter.com,Accessible
Early Learning Center Preschool,4304 S Tryon St,Charlotte,NC,28217,1734,Patricia,Porter,Exec Director,"4304 S Tryon St Charlotte, NC 28217",(704) 529-5397,Tutoring,611691,624110,624410,624410,624410,Private,Mecklenburg,13,NA,earlylearningcenternc.com,1996,https://EARLYLEARNINGCENTERNC.COM,35.18785868,-80.88356371,census,https://www.earlylearningcenternc.com,Accessible
Milestone Preschool-Enrichment,3605 Henderson Dr # B,Jacksonville,NC,28546,5218,NA,NA,NA,"3605 Henderson Dr Jacksonville, NC 28546",(910) 455-3136,Tutoring,611691,611691,611710,611710,611710,Private,Onslow,5,NA,educateonslow.com,2016,https://EDUCATEONSLOW.COM,34.79214494,-77.4170541,census,https://www.educateonslow.com,Accessible
Forgione Tutoring,1340 SE Maynard Rd,Cary,NC,27511,3632,Cherie,Warren,Operations,"1340 SE Maynard Rd Cary, NC 27511",(919) 234-1934,Tutoring,611691,NA,NA,NA,NA,Private,Wake,3,NA,forgionetutoring.com,2018,https://FORGIONETUTORING.COM,35.79087548,-78.76369672,census,https://www.forgionetutoring.com,Accessible
Forgione Tutoring,3820 Merton Dr,Raleigh,NC,27609,6609,Cherie,Warren,Finance,"3820 Merton Dr Raleigh, NC 27609",(919) 800-8663,Tutoring,611691,NA,NA,NA,NA,Private,Wake,5,NA,forgionetutoring.com,2019,https://FORGIONETUTORING.COM,35.82948987,-78.63336605,census,https://www.forgionetutoring.com,Accessible
Frog Tutoring Charlotte,301 Mccullough Dr # 4,Charlotte,NC,28262,3310,NA,NA,NA,"301 Mccullough Dr Charlotte, NC 28262",(980) 819-2628,Tutoring,611691,NA,NA,NA,NA,Private,Mecklenburg,2,NA,frogtutoring.com,2009,https://FROGTUTORING.COM,35.30145656,-80.75639855,census,https://www.frogtutoring.com,Accessible
Global Learning Center ,2557 Ravenhill Dr # 1D,Fayetteville,NC,28303,5462,Mike,Vann,Owner,"2557 Ravenhill Dr Fayetteville, NC 28303",(910) 484-6238,Tutoring,611691,NA,NA,NA,NA,Private,Cumberland,10,NA,globallearningcenter.com,2009,https://GLOBALLEARNINGCENTER.COM,35.04811189,-78.92586649,census,https://www.globallearningcenter.com,Accessible
Grade Potential Tutoring,2327 Hope Mills Rd,Fayetteville,NC,28304,4229,NA,NA,NA,"2327 Hope Mills Rd Fayetteville, NC 28304",(910) 488-8867,Tutoring,611691,NA,NA,NA,NA,Private,Cumberland,6,NA,gradepotentialtutoring.com,2017,https://GRADEPOTENTIALTUTORING.COM,35.01312273,-78.96532033,census,https://www.gradepotentialtutoring.com,Accessible
Heart Math Tutoring,1100 S Mint St # 107,Charlotte,NC,28203,4058,Emily,Gaffney,Exec Director,"1100 S Mint St  Charlotte, NC 28203",(704) 000-1111,Tutoring,611691,813319,NA,NA,NA,Private,Mecklenburg,4,NA,heartmathtutoring.org,2021,https://HEARTMATHTUTORING.ORG,35.22279551,-80.85528563,census,https://www.heartmathtutoring.org,Accessible
Heart Tutoring,1100 S Mint St # 102,Charlotte,NC,28203,4048,Emily,Elliott,Exec Director,"1100 S Mint St  Charlotte, NC 28203",(980) 292-2297,Tutoring,611691,NA,NA,NA,NA,Private,Mecklenburg,3,NA,heartmathtutoring.org,2015,https://HEARTMATHTUTORING.ORG,35.22279551,-80.85528563,census,https://www.heartmathtutoring.org,Accessible
Hoyle Tutoring,111 S Spruce St # A,Winston Salem,NC,27101,3758,Eric,Hoyle,Owner,"111 S Spruce St  Winston Salem, NC 27101",(336) 765-7139,Tutoring,611691,NA,NA,NA,NA,Private,Forsyth,1,NA,hoyletutoring.com,2009,https://HOYLETUTORING.COM,36.09280135,-80.24783734,census,https://www.hoyletutoring.com,Accessible
Inspirational Tutoring Svc,619 Galloway Dr,Fayetteville,NC,28303,2112,Patrick,Mays,Owner,"619 Galloway Dr Fayetteville, NC 28303",(910) 222-8173,Tutoring,611691,NA,NA,NA,NA,Private,Cumberland,2,NA,inspirationaltutoring.com,1970,https://INSPIRATIONALTUTORING.COM,35.10467395,-78.98374928,census,https://www.inspirationaltutoring.com,Accessible
College Nannies Sitters-Tutors,13707 Bramborough Rd,Huntersville,NC,28078,3719,NA,NA,NA,"13707 Bramborough Rd Huntersville, NC 28078",(704) 947-8687,Tutoring,611691,611710,624410,NA,NA,Private,Mecklenburg,3,NA,jovie.com,2019,https://JOVIE.COM,35.42865164,-80.81902976,census,https://www.jovie.com,Accessible
Learningrx-Cary,1135 Kildaire Farm Rd # 307,Cary,NC,27511,7620,NA,NA,NA,"1135 Kildaire Farm Rd  Cary, NC 27511",(919) 746-7855,Tutoring,611691,NA,NA,NA,NA,Private,Wake,5,NA,learningrx.com,2020,https://LEARNINGRX.COM,35.76748686,-78.78234834,census,https://www.learningrx.com,Accessible
Learningrx-Raleigh,8305 Six Forks Rd # 207,Raleigh,NC,27615,3007,Gregory A,Huntington,Owner,"8305 Six Forks Rd Raleigh, NC 27615",(919) 232-0090,Tutoring,611691,611710,NA,NA,NA,Private,Wake,12,NA,learningrx.com,2003,https://LEARNINGRX.COM,35.89240849,-78.64869313,census,https://www.learningrx.com,Accessible
Math Advantage,6000 Mdwbrk Mall Ct # 5C,Clemmons,NC,27012,8775,Janet,Yates,Owner,"6000 Mdwbrk Mall Ct Clemmons, NC 27012",(336) 682-9362,Tutoring,611691,NA,NA,NA,NA,Private,Forsyth,2,NA,mathadvantage.us,2010,https://MATHADVANTAGE.US,36.03383304,-80.38259443,census,https://www.mathadvantage.us,Accessible
Mathnasium,7409 Sunset Lake Rd,Fuquay Varina,NC,27526,NA,Jennifer,Cordileone,Director,"7409 Sunset Lake Rd Fuquay Varina, NC 27526",(919) 577-6284,Tutoring,611691,611710,611710,NA,NA,Private,Wake,4,NA,mathnasium.com,2013,https://MATHNASIUM.COM,35.59664975,-78.77444671,census,https://www.mathnasium.com,Accessible
Mathnasium,10120 Grn Level Ch Rd # 214,Cary,NC,27519,8142,Ann,Stengel,Owner,"10120 Grn Level Ch Rd  Cary, NC 27519",(919) 535-8892,Tutoring,611691,611710,624410,NA,NA,Private,Wake,4,NA,mathnasium.com,2010,https://MATHNASIUM.COM,35.81119804,-78.9036173,osm,https://www.mathnasium.com,Accessible
Mathnasium,3253 S Church St,Burlington,NC,27215,9109,Jennifer,Gattis,Director,"3253 S Church St Burlington, NC 27215",(336) 792-7000,Tutoring,611691,624410,NA,NA,NA,Private,Alamance,5,NA,mathnasium.com,2010,https://MATHNASIUM.COM,36.08072808,-79.50826632,census,https://www.mathnasium.com,Accessible
Mathnasium,962 US 64 Hwy W,Apex,NC,27523,7184,Teddy,Sforza,Director,"962 US 64 Hwy W Apex, NC 27523",(919) 465-3907,Tutoring,611691,621210,611710,624410,NA,Private,Wake,9,NA,mathnasium.com,2011,https://MATHNASIUM.COM,35.74451957,-78.82480749,census,https://www.mathnasium.com,Accessible
Mathnasium,1604 Highwoods Blvd # C,Greensboro,NC,27410,2064,Chris,Hofer,Director,"1604 Highwoods Blvd  Greensboro, NC 27410",(336) 738-1416,Tutoring,611691,611710,624410,NA,NA,Private,Guilford,5,NA,mathnasium.com,2006,https://MATHNASIUM.COM,36.11298182,-79.87870089,census,https://www.mathnasium.com,Accessible
Mathnasium,117 Timber Dr,Garner,NC,27529,4878,NA,NA,NA,"117 Timber Dr Garner, NC 27529",(919) 977-1803,Tutoring,611691,611710,624410,NA,NA,Private,Wake,4,NA,mathnasium.com,2018,https://MATHNASIUM.COM,35.68619564,-78.60440447,census,https://www.mathnasium.com,Accessible
Mathnasium,489 James Jackson Ave,Cary,NC,27513,3170,Denise,Mccann,Owner,"489 James Jackson Ave Cary, NC 27513",(919) 388-9888,Tutoring,611691,611710,624410,NA,NA,Private,Wake,7,NA,mathnasium.com,2007,https://MATHNASIUM.COM,35.79877726,-78.81098587,census,https://www.mathnasium.com,Accessible
Mathnasium,8133 Ardrey Kell Rd # 102,Charlotte,NC,28277,5723,NA,NA,NA,"8133 Ardrey Kell Rd  Charlotte, NC 28277",(704) 844-2717,Tutoring,611691,611710,624410,NA,NA,Private,Mecklenburg,6,NA,mathnasium.com,2006,https://MATHNASIUM.COM,35.03903318,-80.7950952,census,https://www.mathnasium.com,Accessible
Mathnasium,10411 Moncreiffe Rd # 106,Raleigh,NC,27617,7820,NA,NA,NA,"10411 Moncreiffe Rd Raleigh, NC 27617",(919) 957-0600,Tutoring,611691,611710,624410,NA,NA,Private,Wake,5,NA,mathnasium.com,2007,https://MATHNASIUM.COM,35.89980162,-78.79218974,census,https://www.mathnasium.com,Accessible
Mathnasium,14460 Fls of Neuse Rd # 181,Raleigh,NC,27614,8227,NA,NA,NA,"14460 Fls of Neuse Rd  Raleigh, NC 27614",(919) 790-7977,Tutoring,611691,611710,624410,NA,NA,Private,Wake,6,NA,mathnasium.com,2009,https://MATHNASIUM.COM,35.94574911,-78.54337021,census,https://www.mathnasium.com,Accessible
Mathnasium,2456 Wycliff Rd,Raleigh,NC,27607,2903,Maggie,Hu,Director,"2456 Wycliff Rd Raleigh, NC 27607",(919) 510-5553,Tutoring,611691,611710,624410,NA,NA,Private,Wake,4,NA,mathnasium.com,2014,https://MATHNASIUM.COM,35.81751304,-78.69356396,census,https://www.mathnasium.com,Accessible
Mathnasium,3823 Guess Rd,Durham,NC,27705,1505,NA,NA,NA,"3823 Guess Rd Durham, NC 27705",(919) 477-5791,Tutoring,611691,611710,NA,NA,NA,Private,Durham,5,NA,mathnasium.com,2014,https://MATHNASIUM.COM,36.05843398,-78.92912191,census,https://www.mathnasium.com,Accessible
Mathnasium,1728 Fordham Blvd # 123,Chapel Hill,NC,27514,2332,NA,NA,NA,"1728 Fordham Blvd  Chapel Hill, NC 27514",(919) 490-5151,Tutoring,611691,624410,NA,NA,NA,Private,Orange,5,NA,mathnasium.com,2023,https://MATHNASIUM.COM,35.93627232,-79.02330831,census,https://www.mathnasium.com,Accessible
Mathnasium,5806 A-3 Prosperity Church Rd,Charlotte,NC,28269,NA,NA,NA,NA,"5806 A-3 Prosperity Church Rd Charlotte, NC 28269",(704) 940-2882,Tutoring,611691,624410,NA,NA,NA,Private,Mecklenburg,4,NA,mathnasium.com,2023,https://MATHNASIUM.COM,35.3711345,-80.78471565,census,https://www.mathnasium.com,Accessible
Mathnasium,3689 Concord Pkwy S,Concord,NC,28027,9054,NA,NA,NA,"3689 Concord Pkwy S Concord, NC 28027",(704) 883-5355,Tutoring,611691,624410,NA,NA,NA,Private,Cabarrus,4,NA,mathnasium.com,2023,https://MATHNASIUM.COM,35.37035983,-80.66528159,census,https://www.mathnasium.com,Accessible
Mathnasium,657 Brawley School Rd # A,Mooresville,NC,28117,9121,NA,NA,NA,"657 Brawley School Rd  Mooresville, NC 28117",(704) 312-4122,Tutoring,611691,624410,NA,NA,NA,Private,Iredell,4,NA,mathnasium.com,2022,https://MATHNASIUM.COM,35.58210873,-80.87766334,census,https://www.mathnasium.com,Accessible
Mathnasium,8761 Holly Springs Rd,Apex,NC,27539,9194,NA,NA,NA,"8761 Holly Springs Rd Apex, NC 27539",(919) 636-5330,Tutoring,611691,611710,624410,NA,NA,Private,Wake,4,NA,mathnasium.com,2021,https://MATHNASIUM.COM,35.69359188,-78.77392527,census,https://www.mathnasium.com,Accessible
Mathnasium,9719 Sam Furr Rd # A,Huntersville,NC,28078,4917,NA,NA,NA,"9719 Sam Furr Rd  Huntersville, NC 28078",(704) 412-4386,Tutoring,611691,624410,NA,NA,NA,Private,Mecklenburg,5,NA,mathnasium.com,2022,https://MATHNASIUM.COM,35.44214066,-80.86337933,census,https://www.mathnasium.com,Accessible
Maximum Test Prep,240 E Winmore Ave,Chapel Hill,NC,27516,8430,Bill,Garrity,Owner,"240 E Winmore Ave Chapel Hill, NC 27516",(919) 942-4119,Tutoring,611691,NA,NA,NA,NA,Private,Orange,2,NA,maximumtestprep.com,2015,https://MAXIMUMTESTPREP.COM,35.94552449,-79.08989589,census,https://www.maximumtestprep.com,Accessible
Mind Over Math,215 Racine Dr # 204,Wilmington,NC,28403,8840,Fara,Moore,Owner,"215 Racine Dr  Wilmington, NC 28403",(910) 228-5372,Tutoring,611691,NA,NA,NA,NA,Private,New Hanover,1,NA,mindovermathtutoring.com,2003,https://MINDOVERMATHTUTORING.COM,34.24034009,-77.86554405,census,https://www.mindovermathtutoring.com,Accessible
Mindspire Tutoring & Test Prep,3622 Lyckan Pkwy # 5002,Durham,NC,27707,2539,Shahar,Link,Owner,"3622 Lyckan Pkwy  Durham, NC 27707",(919) 335-8378,Tutoring,611691,NA,NA,NA,NA,Private,Durham,30,NA,mindspire.com,2018,https://MINDSPIRE.COM,35.96292997,-78.9606376,census,https://www.mindspire.com,Accessible
Eye Level Learning Center,5103 W Market St,Greensboro,NC,27409,2644,NA,NA,NA,"5103 W Market St Greensboro, NC 27409",(336) 297-1888,Tutoring,611691,611691,NA,NA,NA,Private,Guilford,3,NA,myeyelevel.com,2010,https://MYEYELEVEL.COM,36.06872271,-79.87798027,census,https://www.myeyelevel.com,Accessible
Eye Level Learning Center,11926 Providence Rd W # E1,Charlotte,NC,28277,2019,NA,NA,NA,"11926 Providence Rd  Charlotte, NC 28277",(704) 877-4302,Tutoring,611691,611691,NA,NA,NA,Private,Mecklenburg,3,NA,myeyelevel.com,2017,https://MYEYELEVEL.COM,35.04705597,-80.76947922,census,https://www.myeyelevel.com,Accessible
Eye Level Learning Center,3607 Davis Dr # 113,Morrisville,NC,27560,6005,Melissa,Mitchell,Other,"3607 Davis Dr  Morrisville, NC 27560",(919) 342-6761,Tutoring,611691,611691,NA,NA,NA,Private,Wake,3,NA,myeyelevel.com,2014,https://MYEYELEVEL.COM,35.82193577,-78.84819178,census,https://www.myeyelevel.com,Accessible
Eye Level Learning Center,8607 Concord Mills Blvd,Concord,NC,28027,5400,NA,NA,NA,"8607 Concord Mills Blvd Concord, NC 28027",(704) 789-3328,Tutoring,611691,611691,NA,NA,NA,Private,Cabarrus,4,NA,myeyelevel.com,2014,https://MYEYELEVEL.COM,35.37415004,-80.72599868,census,https://www.myeyelevel.com,Accessible
Eye Level Learning Center,14126 Rivergate Pkwy,Charlotte,NC,28273,8892,NA,NA,NA,"14126 Rivergate Pkwy Charlotte, NC 28273",(704) 666-8082,Tutoring,611691,611691,NA,NA,NA,Private,Mecklenburg,6,NA,myeyelevel.com,2014,https://MYEYELEVEL.COM,35.10369745,-80.985203,census,https://www.myeyelevel.com,Accessible
Eye Level Learning Center,3121 Springbank Ln # A,Charlotte,NC,28226,3347,NA,NA,NA,"3121 Springbank Ln  Charlotte, NC 28226",(704) 877-9674,Tutoring,611691,611691,NA,NA,NA,Private,Mecklenburg,4,NA,myeyelevel.com,2018,https://MYEYELEVEL.COM,35.1004294,-80.78298799,census,https://www.myeyelevel.com,Accessible
Eye Level Learning Center,2401 Penny Rd # 107,High Point,NC,27265,8186,NA,NA,NA,"2401 Penny Rd High Point, NC 27265",(336) 885-0577,Tutoring,611691,611691,NA,NA,NA,Private,Guilford,3,NA,myeyelevel.com,2018,https://MYEYELEVEL.COM,36.03461503,-79.96455643,census,https://www.myeyelevel.com,Accessible
Eye Level Learning Center,4250 Main St # 108,Harrisburg,NC,28075,7474,Chaitanya,Kola,Other,"4250 Main St  Harrisburg, NC 28075",(704) 910-1808,Tutoring,611691,611691,NA,NA,NA,Private,Cabarrus,3,NA,myeyelevel.com,2018,https://MYEYELEVEL.COM,35.32602718,-80.64631607,census,https://www.myeyelevel.com,Accessible
Eye Level Learning Center,714 Slash Pine Dr,Cary,NC,27519,7628,Chithra,Loganathan,Other,"714 Slash Pine Dr Cary, NC 27519",(919) 655-9046,Tutoring,611691,611691,NA,NA,NA,Private,Wake,4,NA,myeyelevel.com,2020,https://MYEYELEVEL.COM,35.83056667,-78.90820226,census,https://www.myeyelevel.com,Accessible
Eye Level Learning Center,356A Raleigh St,Holly Springs,NC,27540,9047,NA,NA,NA,"356A Raleigh St Holly Springs, NC 27540",(919) 655-9046,Tutoring,611691,611691,NA,NA,NA,Private,Wake,3,NA,myeyelevel.com,2023,https://MYEYELEVEL.COM,35.65022742,-78.83289112,census,https://www.myeyelevel.com,Accessible
Orange County Literacy Council,307 W Weaver St,Carrboro,NC,27510,2021,Alice,Denson,Exec Director,"307 W Weaver St Carrboro, NC 27510",(919) 914-6153,Tutoring,611691,813319,NA,NA,NA,Private,Orange,6,NA,orangeliteracy.org,1987,https://ORANGELITERACY.ORG,35.91111461,-79.07461122,census,https://www.orangeliteracy.org,Accessible
Pam's Reading the Charlotte,8001 Raintree Ln # 204,Charlotte,NC,28277,8920,Pam,James,Owner,"8001 Raintree Ln  Charlotte, NC 28277",(704) 906-6097,Tutoring,611691,NA,NA,NA,NA,Private,Mecklenburg,4,NA,pamsreading.com,2013,https://PAMSREADING.COM,35.09431393,-80.78787719,census,https://www.pamsreading.com,Accessible
Parliament Tutors,7900 Forest Point Blvd,Charlotte,NC,28273,5698,NA,NA,NA,"7900 Forest Point Blvd Charlotte, NC 28273",(704) 469-5801,Tutoring,611691,NA,NA,NA,NA,Private,Mecklenburg,2,NA,parliamenttutors.com,2008,https://PARLIAMENTTUTORS.COM,35.13596322,-80.90355397,census,https://www.parliamenttutors.com,Accessible
Perry Youngblood Tutoring,780 NW Broad St # 610,Southern Pines,NC,28387,4102,NA,NA,NA,"780 NW Broad St  Southern Pines, NC 28387",(910) 528-5595,Tutoring,611691,611691,NA,NA,NA,Private,Moore,3,NA,perryyoungblood.com,2023,https://PERRYYOUNGBLOOD.COM,35.17902406,-79.38401425,census,https://www.perryyoungblood.com,Accessible
Raleigh Tutoring,4094 Barrett Dr # 2B,Raleigh,NC,27609,6604,Melissa,Rich,Owner,"4094 Barrett Dr  Raleigh, NC 27609",(919) 781-8963,Tutoring,611691,611710,611710,611710,NA,Private,Wake,5,NA,raleightutoring.com,2006,https://RALEIGHTUTORING.COM,35.83118082,-78.63071625,census,https://www.raleightutoring.com,Accessible
Family Literacy Center,200 Talmage Ave N,Ahoskie,NC,27910,2500,Alice,Cale,Manager,"200 Talmage Ave N Ahoskie, NC 27910",(252) 332-3960,Tutoring,611691,NA,NA,NA,NA,Private,Hertford,2,NA,readlapeer.org,2002,https://READLAPEER.ORG,36.29183793,-76.9953708,census,https://www.readlapeer.org,Accessible
Atlantic Shared Beginnings,10208 Cerny St # 306,Raleigh,NC,27617,7885,NA,NA,NA,"10208 Cerny St  Raleigh, NC 27617",(919) 248-1640,Tutoring,611691,621399,NA,NA,NA,Private,Wake,5,NA,sharedbeginnings.life,2019,https://SHAREDBEGINNINGS.LIFE,35.9015058,-78.80088942,census,https://www.sharedbeginnings.life,Accessible
Sipnayan Math Center,3475 Airport Blvd NW # D,Wilson,NC,27896,8687,Rain,Barnes,Owner,"3475 Airport Blvd NW  Wilson, NC 27896",(252) 296-1702,Tutoring,611691,NA,NA,NA,NA,Private,Wilson,10,NA,sipnayancenter.com,2020,https://SIPNAYANCENTER.COM,35.75798592,-77.95569079,census,https://www.sipnayancenter.com,Accessible
Salisbury Tutoring Academy ,818 Corporate Cir,Salisbury,NC,28147,9006,Randall C,Hair,Other,"818 Corporate Cir Salisbury, NC 28147",(704) 633-8207,Tutoring,611691,611710,NA,NA,NA,Private,Rowan,5,NA,sta.com,2000,https://STA.COM,35.64399616,-80.49316793,census,https://www.sta.com,Accessible
Stemerald City ,6408 Brookstone Ln # E,Fayetteville,NC,28314,2583,NA,NA,NA,"6408 Brookstone Ln  Fayetteville, NC 28314",(910) 363-0198,Tutoring,611691,NA,NA,NA,NA,Private,Cumberland,5,NA,stemeraldcity.com,2019,https://STEMERALDCITY.COM,35.0598845,-79.0104762,census,https://www.stemeraldcity.com,Accessible
Study Skills Network,712 Richmond St,Raleigh,NC,27609,5555,Stephen,Beck,President,"712 Richmond St Raleigh, NC 27609",(919) 788-0012,Tutoring,611691,NA,NA,NA,NA,Private,Wake,4,NA,studyskills.net,2003,https://STUDYSKILLS.NET,35.84256366,-78.65198342,census,https://www.studyskills.net,Accessible
Student Edvantage,2028 Stone Pasture Rd,Fuquay Varina,NC,27526,5454,Jill,Casone,CEO,"2028 Stone Pasture Rd Fuquay Varina, NC 27526",(919) 491-2904,Tutoring,611691,NA,NA,NA,NA,Private,Wake,4,NA,success4school.com,2001,https://SUCCESS4SCHOOL.COM,35.61774106,-78.71287476,census,https://www.success4school.com,Accessible
Swan Learning Center,427 S Sharon Amity Rd # A,Charlotte,NC,28211,2857,Jeannette,Beaumont,President,"427 S Sharon Amity Rd Charlotte, NC 28211",(704) 442-1718,Tutoring,611691,611110,NA,NA,NA,Private,Mecklenburg,10,NA,swanlearningcenter.com,2000,https://SWANLEARNINGCENTER.COM,35.17368105,-80.80367247,census,https://www.swanlearningcenter.com,Accessible
Sylvan Learning of Ahoskie,500 Kiwanis St,Ahoskie,NC,27910,3618,NA,NA,NA,"500 Kiwanis St Ahoskie, NC 27910",(252) 562-9863,Tutoring,611691,611691,611710,611710,611710,Private,Hertford,11,NA,sylvanlearning.com,2013,https://SYLVANLEARNING.COM,36.27871821,-76.97623491,census,https://www.sylvanlearning.com,Accessible
Sylvan Learning of Albemarle,720 Nc 24 27 Byp E # 4,Albemarle,NC,28001,4369,Marianne,Bright,Owner,"720 Nc 24 27 Byp E  Albemarle, NC 28001",(704) 550-4620,Tutoring,611691,611691,611710,611710,611710,Private,Stanly,25,NA,sylvanlearning.com,2007,https://SYLVANLEARNING.COM,35.33859894,-80.20458383,census,https://www.sylvanlearning.com,Accessible
Sylvan Learning of Arden,336 Rockwood Rd # 106,Arden,NC,28704,8617,NA,NA,NA,"336 Rockwood Rd Arden, NC 28704",(828) 237-4019,Tutoring,611691,611691,611710,NA,NA,Private,Buncombe,6,NA,sylvanlearning.com,2023,https://SYLVANLEARNING.COM,35.44691299,-82.53876269,census,https://www.sylvanlearning.com,Accessible
Sylvan Learning of Asheville,1070 Tunnel Rd # 30,Asheville,NC,28805,2014,NA,NA,NA,"1070 Tunnel Rd  Asheville, NC 28805",(828) 575-5204,Tutoring,611691,611110,611691,611710,611710,Private,Buncombe,4,NA,sylvanlearning.com,2014,https://SYLVANLEARNING.COM,35.58743478,-82.49150364,census,https://www.sylvanlearning.com,Accessible
Sylvan Learning of Belmont,140B N Main St,Belmont,NC,28012,3123,NA,NA,NA,"140B N Main St Belmont, NC 28012",(704) 834-1496,Tutoring,611691,611691,611710,NA,NA,Private,Gaston,5,NA,sylvanlearning.com,2023,https://SYLVANLEARNING.COM,35.24495257,-81.03849105,census,https://www.sylvanlearning.com,Accessible
Sylvan Learning of Burlington,795 Boone Station Dr,Burlington,NC,27215,9775,NA,NA,NA,"795 Boone Station Dr Burlington, NC 27215",(336) 792-1019,Tutoring,611691,611691,611710,NA,NA,Private,Alamance,5,NA,sylvanlearning.com,2022,https://SYLVANLEARNING.COM,36.0720481,-79.50313002,census,https://www.sylvanlearning.com,Accessible
Sylvan Learning of Chapel Hill,50101 Governors Dr # 130,Chapel Hill,NC,27517,9517,NA,NA,NA,"50101 Governors Dr  Chapel Hill, NC 27517",(984) 333-9979,Tutoring,611691,611691,611710,NA,NA,Private,Chatham,6,NA,sylvanlearning.com,2022,https://SYLVANLEARNING.COM,35.85436979,-79.02540233,census,https://www.sylvanlearning.com,Accessible
Sylvan Learning of Edenton,101 W Water St,Edenton,NC,27932,1855,NA,NA,NA,"101 W Water St Edenton, NC 27932",(252) 562-9863,Tutoring,611691,611691,611710,611710,611710,Private,Chowan,5,NA,sylvanlearning.com,2014,https://SYLVANLEARNING.COM,36.05697517,-76.60956899,census,https://www.sylvanlearning.com,Accessible
Sylvan Learning of Garner,1411 Aversboro Rd # 315,Garner,NC,27529,5415,NA,NA,NA,"1411 Aversboro Rd  Garner, NC 27529",(984) 239-2836,Tutoring,611691,611691,611710,611710,611710,Private,Wake,4,NA,sylvanlearning.com,1994,https://SYLVANLEARNING.COM,35.69306292,-78.61667835,census,https://www.sylvanlearning.com,Accessible
Sylvan Learning of Greensboro,2921 Battleground Ave # A,Greensboro,NC,27408,2762,NA,NA,NA,"2921 Battleground Ave  Greensboro, NC 27408",(336) 517-1260,Tutoring,611691,611110,611691,611710,NA,Private,Guilford,5,NA,sylvanlearning.com,2020,https://SYLVANLEARNING.COM,36.11329793,-79.83342125,census,https://www.sylvanlearning.com,Accessible
Sylvan Learning of Greenville,710 Red Banks Rd # F,Greenville,NC,27858,7853,NA,NA,NA,"710 Red Banks Rd Greenville, NC 27858",(252) 565-4817,Tutoring,611691,611691,611710,611710,NA,Private,Pitt,4,NA,sylvanlearning.com,2022,https://SYLVANLEARNING.COM,35.58164865,-77.36883416,census,https://www.sylvanlearning.com,Accessible
Sylvan Learning of High Point,3931 Tinsley Dr # 102,High Point,NC,27265,1533,Angel,Bell,Director,"3931 Tinsley Dr  High Point, NC 27265",(336) 899-8097,Tutoring,611691,611110,611691,611710,611710,Private,Guilford,11,NA,sylvanlearning.com,1997,https://SYLVANLEARNING.COM,36.02897591,-79.96732881,census,https://www.sylvanlearning.com,Accessible
Sylvan Learning of Holly Spgs,374 Raleigh St,Holly Springs,NC,27540,9047,NA,NA,NA,"374 Raleigh St Holly Springs, NC 27540",(919) 238-4968,Tutoring,611691,611691,611710,NA,NA,Private,Wake,5,NA,sylvanlearning.com,2015,https://SYLVANLEARNING.COM,35.65005588,-78.83294503,census,https://www.sylvanlearning.com,Accessible
Sylvan Learning of Knightdale,1008 Big Oak Ct # E,Knightdale,NC,27545,6566,Julie,Hoyes,Owner,"1008 Big Oak Ct  Knightdale, NC 27545",(919) 261-6490,Tutoring,611691,611691,611710,611710,611710,Private,Wake,15,NA,sylvanlearning.com,2011,https://SYLVANLEARNING.COM,35.79468371,-78.51139826,census,https://www.sylvanlearning.com,Accessible
Sylvan Learning of Locust,186 Ray Kennedy Dr,Locust,NC,28097,8000,NA,NA,NA,"186 Ray Kennedy Dr Locust, NC 28097",(704) 550-4620,Tutoring,611691,611691,611710,611710,611710,Private,Stanly,6,NA,sylvanlearning.com,2014,https://SYLVANLEARNING.COM,35.26000768,-80.43124852,census,https://www.sylvanlearning.com,Accessible
Sylvan Learning of Nags Head,3000 S Croatan Hwy,Nags Head,NC,27959,9029,NA,NA,NA,"3000 S Croatan Hwy Nags Head, NC 27959",(252) 562-9863,Tutoring,611691,611691,611710,611710,611710,Private,Dare,5,NA,sylvanlearning.com,2013,https://SYLVANLEARNING.COM,35.97781996,-75.6410533,census,https://www.sylvanlearning.com,Accessible
Sylvan Learning of New Bern,416A Pollock St,New Bern,NC,28560,4947,NA,NA,NA,"416A Pollock St New Bern, NC 28560",(252) 772-9283,Tutoring,611691,611691,611710,NA,NA,Private,Craven,4,NA,sylvanlearning.com,2020,https://SYLVANLEARNING.COM,35.10698305,-77.04018224,census,https://www.sylvanlearning.com,Accessible
Sylvan Learning of Raleigh,7209 Creedmoor Rd # 111,Raleigh,NC,27613,1695,NA,NA,NA,"7209 Creedmoor Rd  Raleigh, NC 27613",(984) 239-2835,Tutoring,611691,611691,611710,611710,611710,Private,Wake,5,NA,sylvanlearning.com,2013,https://SYLVANLEARNING.COM,35.88326448,-78.67930569,census,https://www.sylvanlearning.com,Accessible
Sylvan Learning of Wake Forest,1241 S Main St # 20,Wake Forest,NC,27587,9494,Lorna,Miller-Jones,Director,"1241 S Main St  Wake Forest, NC 27587",(919) 569-5834,Tutoring,611691,611691,611710,611710,611710,Private,Wake,8,NA,sylvanlearning.com,2013,https://SYLVANLEARNING.COM,35.96204103,-78.51806158,census,https://www.sylvanlearning.com,Accessible
Sylvan Learning of Williamston,415 E Boulevard,Williamston,NC,27892,2731,NA,NA,NA,"415 E Boulevard Williamston, NC 27892",(252) 562-9863,Tutoring,611691,611691,611710,611710,611710,Private,Martin,6,NA,sylvanlearning.com,2014,https://SYLVANLEARNING.COM,35.84406439,-77.05529856,osm,https://www.sylvanlearning.com,Accessible
Sylvan Learning of Wilmington,4130 Oleander Dr # 101,Wilmington,NC,28403,6844,Amanda,Cochran,Owner,"4130 Oleander Dr Wilmington, NC 28403",(910) 444-2245,Tutoring,611691,611691,611710,NA,NA,Private,New Hanover,8,NA,sylvanlearning.com,2020,https://SYLVANLEARNING.COM,34.21096874,-77.89305487,census,https://www.sylvanlearning.com,Accessible
Sylvan Learning-Cary-Mrrsvll,1040 Darrington Dr # 101,Cary,NC,27513,8135,David,Bagley,Director,"1040 Darrington Dr  Cary, NC 27513",(919) 238-6367,Tutoring,611691,611691,611710,611710,611710,Private,Wake,4,NA,sylvanlearning.com,2003,https://SYLVANLEARNING.COM,35.79963822,-78.81573469,census,https://www.sylvanlearning.com,Accessible
Sylvan Learning-Charlotte,9111 Monroe Rd # 160,Charlotte,NC,28270,2462,NA,NA,NA,"9111 Monroe Rd  Charlotte, NC 28270",(704) 815-5822,Tutoring,611691,611691,611710,611710,611710,Private,Mecklenburg,20,NA,sylvanlearning.com,2006,https://SYLVANLEARNING.COM,35.1467666,-80.74426718,census,https://www.sylvanlearning.com,Accessible
Sylvan Learning-Charlotte,11220 Elm Ln # 104,Charlotte,NC,28277,716,NA,NA,NA,"11220 Elm Ln  Charlotte, NC 28277",(704) 542-7600,Tutoring,611691,611691,611710,NA,NA,Private,Mecklenburg,6,NA,sylvanlearning.com,2023,https://SYLVANLEARNING.COM,35.05880703,-80.81732242,census,https://www.sylvanlearning.com,Accessible
Sylvan Learning-Charlotte-Univ,8310 Medical Plaza Dr # F,Charlotte,NC,28262,6703,Jim,Kacidis,Owner,"8310 Medical Plaza Dr  Charlotte, NC 28262",(704) 837-4624,Tutoring,611691,611110,611691,611710,611710,Private,Mecklenburg,15,NA,sylvanlearning.com,1998,https://SYLVANLEARNING.COM,35.31786266,-80.77610015,census,https://www.sylvanlearning.com,Accessible
Sylvan Learning-Durham-Chapel,5117 Highgate Dr # 100,Durham,NC,27713,7329,Michelle,Blackmon,Director,"5117 Highgate Dr Durham, NC 27713",(919) 439-0515,Tutoring,611691,611110,611691,611710,611710,Private,Durham,10,NA,sylvanlearning.com,1979,https://SYLVANLEARNING.COM,35.91155617,-78.94577483,census,https://www.sylvanlearning.com,Accessible
Sylvan Learning-Elizabeth City,1775 Weeksville Rd # N,Elizabeth City,NC,27909,6771,Michelle,Tynch,Manager,"1775 Weeksville Rd Elizabeth City, NC 27909",(252) 562-9863,Tutoring,611691,611691,611710,611710,611710,Private,Pasquotank,15,NA,sylvanlearning.com,1979,https://SYLVANLEARNING.COM,36.27300903,-76.20955362,census,https://www.sylvanlearning.com,Accessible
Sylvan Learning-Fayetteville,2915 Raeford Rd # 103,Fayetteville,NC,28303,5491,Deborah,Benicek,Administrator,"2915 Raeford Rd  Fayetteville, NC 28303",(910) 853-6701,Tutoring,611691,611691,611710,611710,611710,Private,Cumberland,5,NA,sylvanlearning.com,2011,https://SYLVANLEARNING.COM,35.0450292,-78.92828072,census,https://www.sylvanlearning.com,Accessible
Sylvan Learning-Huntersville,15905 Brookway Dr # 4104,Huntersville,NC,28078,3240,NA,NA,NA,"15905 Brookway Dr Huntersville, NC 28078",(704) 765-9995,Tutoring,611691,611691,611710,611710,611710,Private,Mecklenburg,5,NA,sylvanlearning.com,2013,https://SYLVANLEARNING.COM,35.4326422,-80.87025238,census,https://www.sylvanlearning.com,Accessible
Sylvan Learning-Jacksonville,3000 Henderson Dr,Jacksonville,NC,28546,5246,Mandi,Cochran,Director,"3000 Henderson Dr Jacksonville, NC 28546",(910) 915-8107,Tutoring,611691,611691,611710,611710,611710,Private,Onslow,15,NA,sylvanlearning.com,1992,https://SYLVANLEARNING.COM,34.79021594,-77.41987235,census,https://www.sylvanlearning.com,Accessible
Sylvan Learning-Mooresville,491 Williamson Rd # 101,Mooresville,NC,28117,9255,NA,NA,NA,"491 Williamson Rd  Mooresville, NC 28117",(704) 230-4196,Tutoring,611691,611691,611710,611710,611710,Private,Iredell,5,NA,sylvanlearning.com,2012,https://SYLVANLEARNING.COM,35.57554258,-80.86979496,census,https://www.sylvanlearning.com,Accessible
Sylvan Learning-Winston-Salem,3360 Robinhood Rd,Winston Salem,NC,27106,5404,Amy,Tucker,Director,"3360 Robinhood Rd Winston Salem, NC 27106",(336) 776-0239,Tutoring,611691,611110,611691,611710,611710,Private,Forsyth,15,NA,sylvanlearning.com,1996,https://SYLVANLEARNING.COM,36.11595946,-80.31288237,census,https://www.sylvanlearning.com,Accessible
TR Music & Voice Lessons,202 Loft Ln,Raleigh,NC,27609,50,Taylor,Robinson,Owner,"202 Loft Ln Raleigh, NC 27609",(919) 521-4241,Tutoring,611691,611610,NA,NA,NA,Private,Wake,1,NA,taylorrobinsonmusic.com,2014,https://TAYLORROBINSONMUSIC.COM,35.85888153,-78.64156985,census,https://www.taylorrobinsonmusic.com,Accessible
Home School Room,110 N Statesville Rd # 1,Huntersville,NC,28078,6072,NA,NA,NA,"110 N Statesville Rd  Huntersville, NC 28078",(704) 875-6000,Tutoring,611691,NA,NA,NA,NA,Private,Mecklenburg,2,NA,thehomeschoolroom.net,2014,https://THEHOMESCHOOLROOM.NET,35.41133867,-80.84292375,census,https://www.thehomeschoolroom.net,Accessible
Wise Owl Tutoring Center,7404 Chapel Hill Rd # C,Raleigh,NC,27607,5043,Sarah,Blankenbeker,Other,"7404 Chapel Hill Rd  Raleigh, NC 27607",(919) 413-7407,Tutoring,611691,NA,NA,NA,NA,Private,Wake,5,NA,thewiseowltutoringcenter.com,2018,https://THEWISEOWLTUTORINGCENTER.COM,35.79380197,-78.74855276,census,https://www.thewiseowltutoringcenter.com,Accessible
Triad Math & Science Acad Co,104 Towerview Ct,Cary,NC,27513,3595,NA,NA,NA,"104 Towerview Ct Cary, NC 27513",(336) 000-1111,Tutoring,611691,999990,NA,NA,NA,Private,Wake,5,NA,tmsaapex.org,2019,https://TMSAAPEX.ORG,35.79909565,-78.81097307,census,https://www.tmsaapex.org,Accessible
Treasure Tutorial Svc,408 Arbor Greene Dr,Garner,NC,27529,9769,Gary W,Bussey,President,"408 Arbor Greene Dr Garner, NC 27529",(919) 661-1728,Tutoring,611691,NA,NA,NA,NA,Private,Wake,4,NA,treasuretutorialservices.com,2006,https://TREASURETUTORIALSERVICES.COM,35.65295569,-78.61924909,census,https://www.treasuretutorialservices.com,Accessible
Triad Math & Science,600 Industrial Ave,Greensboro,NC,27406,4604,NA,NA,NA,"600 Industrial Ave Greensboro, NC 27406",(336) 763-1807,Tutoring,611691,611699,NA,NA,NA,Private,Guilford,3,NA,triad-es.org,2014,https://TRIAD-ES.ORG,36.02619516,-79.77483136,census,https://www.triad-es.org,Accessible
Trilogy,3810 Merton Dr # E,Raleigh,NC,27609,6627,Judy,Williams,Owner,"3810 Merton Dr  Raleigh, NC 27609",(919) 781-7804,Tutoring,611691,611110,NA,NA,NA,Private,Wake,32,NA,trilogyschool.com,1999,https://TRILOGYSCHOOL.COM,35.82945697,-78.63352853,census,https://www.trilogyschool.com,Accessible
Tutor Doctor Cary,2025 Kirkhaven Rd,Morrisville,NC,27560,7121,NA,NA,NA,"2025 Kirkhaven Rd Morrisville, NC 27560",(919) 583-6205,Tutoring,611691,NA,NA,NA,NA,Private,Wake,4,NA,tutordoctor.com,1980,https://TUTORDOCTOR.COM,35.8535852,-78.85265539,census,https://www.tutordoctor.com,Accessible
Tutor Doctor Central-South,2180 Winthrop Chase Dr,Charlotte,NC,28212,8646,NA,NA,NA,"2180 Winthrop Chase Dr Charlotte, NC 28212",(704) 810-2376,Tutoring,611691,611710,NA,NA,NA,Private,Mecklenburg,3,NA,tutordoctor.com,2018,https://TUTORDOCTOR.COM,35.16298068,-80.74380815,census,https://www.tutordoctor.com,Accessible
Tutor Doctor Charlotte Bllntyn,321 S Polk St,Pineville,NC,28134,7448,Gary,Dean,Manager,"321 S Polk St Pineville, NC 28134",(704) 312-4407,Tutoring,611691,NA,NA,NA,NA,Private,Mecklenburg,3,NA,tutordoctor.com,2012,https://TUTORDOCTOR.COM,35.08187916,-80.88589002,census,https://www.tutordoctor.com,Accessible
Tutor Doctor Greater Raleigh,129 Presidents Dr,Durham,NC,27704,2171,NA,NA,NA,"129 Presidents Dr Durham, NC 27704",(919) 634-6175,Tutoring,611691,NA,NA,NA,NA,Private,Durham,2,NA,tutordoctor.com,2018,https://TUTORDOCTOR.COM,36.04733898,-78.89198748,census,https://www.tutordoctor.com,Accessible
Tutor Doctor Huntersville,367 Armour St,Davidson,NC,28036,6901,NA,NA,NA,"367 Armour St Davidson, NC 28036",(704) 312-7692,Tutoring,611691,NA,NA,NA,NA,Private,Mecklenburg,3,NA,tutordoctor.com,1980,https://TUTORDOCTOR.COM,35.50698231,-80.85068451,census,https://www.tutordoctor.com,Accessible
Tutor Doctor Northeast Chrltt,10685 Skipping Rock Ln NW,Concord,NC,28027,6691,NA,NA,NA,"10685 Skipping Rock Ln NW Concord, NC 28027",(704) 810-1473,Tutoring,611691,NA,NA,NA,NA,Private,Cabarrus,2,NA,tutordoctor.com,1980,https://TUTORDOCTOR.COM,35.42853343,-80.75552444,census,https://www.tutordoctor.com,Accessible
Tutor Doctor Shelby,118 Southern Pines Dr,Shelby,NC,28152,8166,NA,NA,NA,"118 Southern Pines Dr Shelby, NC 28152",(704) 810-1253,Tutoring,611691,NA,NA,NA,NA,Private,Cleveland,3,NA,tutordoctor.com,1980,https://TUTORDOCTOR.COM,35.23720844,-81.65087395,census,https://www.tutordoctor.com,Accessible
Tutoring House,1503 Palmer Dr,Fayetteville,NC,28303,3038,Shirley,Grissett,Manager,"1503 Palmer Dr Fayetteville, NC 28303",(910) 483-6263,Tutoring,611691,NA,NA,NA,NA,Private,Cumberland,4,NA,tutoring-house.com,2011,https://TUTORING-HOUSE.COM,35.09585803,-78.93066025,census,https://www.tutoring-house.com,Accessible
Tutoring Club,16131 Lancaster Hwy # 110,Charlotte,NC,28277,2973,Clayton,Prestridge,Director,"16131 Lancaster Hwy  Charlotte, NC 28277",(704) 542-2322,Tutoring,611691,NA,NA,NA,NA,Private,Mecklenburg,7,NA,tutoringclub.com,2008,https://TUTORINGCLUB.COM,35.03618993,-80.85742284,census,https://www.tutoringclub.com,Accessible
Tutoring Services,6203 Carmel Rd,Charlotte,NC,28226,8204,Rosanne,Manus,President,"6203 Carmel Rd Charlotte, NC 28226",(704) 759-3947,Tutoring,611691,NA,NA,NA,NA,Private,Mecklenburg,3,NA,tutoringservices.com,2005,https://TUTORINGSERVICES.COM,35.09325583,-80.84281364,census,https://www.tutoringservices.com,Accessible
Biltmore Tutoring,10 Crispin Ct # 201D,Asheville,NC,28803,8205,Stacey,Caskey,Director,"10 Crispin Ct  Asheville, NC 28803",(828) 505-2495,Tutoring,611691,NA,NA,NA,NA,Private,Buncombe,3,NA,biltmoretutoring.com,2010,https://BILTMORETUTORING.COM,35.502943,-82.522461,osm,https://www.biltmoretutoring.com,Accessible
Mathnasium,10120 Grn Level Ch Rd # 214,Cary,NC,27519,8142,Ann,Stengel,Owner,"10120 Green Level Ch Rd # 214 Cary, NC 27519",(919) 535-8892,Tutoring,611691,611710,624410,NA,NA,Private,Wake,4,NA,mathnasium.com,2010,https://MATHNASIUM.COM,35.820194,-78.900892,osm,https://www.mathnasium.com,Accessible
Mathnasium,7510 Pnvl Mthws Rd # 12A,Charlotte,NC,28226,4073,Monica,Forrestal,Owner,"7510 Pnvl Mthws Rd # 12A Charlotte, NC 28226",(980) 237-2152,Tutoring,611691,611710,624410,NA,NA,Private,Mecklenburg,10,NA,mathnasium.com,2015,https://MATHNASIUM.COM,35.08809,-80.84549,osm,https://www.mathnasium.com,Accessible
Eye Level Learning Center,102 Wxhw Prof Dr # F,Waxhaw,NC,28173,5025,NA,NA,NA,"102 Wxhw Prof Dr # F Waxhaw, NC 28173",(704) 449-8533,Tutoring,611691,611691,NA,NA,NA,Private,Union,4,NA,myeyelevel.com,2019,https://MYEYELEVEL.COM,34.937288,-80.749707,osm,https://www.myeyelevel.com,Accessible
Sylvan Learning of Clayton,11459 US 70 Business Hwy W,Clayton,NC,27520,2207,NA,NA,NA,"11459 US 70 Business Hwy W Clayton, NC 27520",(919) 585-4159,Tutoring,611691,484230,611691,611710,611710,Private,Johnston,18,NA,sylvanlearning.com,1997,https://SYLVANLEARNING.COM,35.651454,-78.47264,osm,https://www.sylvanlearning.com,Accessible
Sylvan Learning of Swansboro,830 Main Street Ext,Swansboro,NC,28584,9108,NA,NA,NA,"830 Main Street Ext Swansboro, NC 28584",(910) 915-8107,Tutoring,611691,611691,611710,611710,611710,Private,Onslow,8,NA,sylvanlearning.com,2014,https://SYLVANLEARNING.COM,34.695748,-77.130068,osm,https://www.sylvanlearning.com,Accessible
Tar Heel Human Svc,191 N Nc 41 Hwy,Beulaville,NC,28518,NA,Michael,Jones,Owner,"191 N Nc 41 Hwy Beulaville, NC 28518",(910) 298-6207,Tutoring,611691,621340,621399,621340,621340,Private,Duplin,12,NA,tarheelinc.com,2003,https://TARHEELINC.COM,34.92925,-77.768482,osm,https://www.tarheelinc.com,Accessible